CIFName,MaxInPlane,MinInPlane,MaxOutPlane,MinOutPlane,MaxTilt,MinTilt,MaxOctAngleVariance,MinOctAngleVariance
CONTCAR_SCANrVV10.vasp,7.089496917971616,2.1495499187279563,8.537736277958174e-07,0.0,7.089496917971644,2.149549918728127,102.11819343018057,36.0824521714783
CONTCAR_optB86b.vasp,10.507252192848455,4.984341875075188,0.0,0.0,10.507252192848426,4.984341875075273,105.31399345874841,36.79837396140076
CONTCAR_optB88.vasp,33.062305769003814,22.76366561455316,1.207418250714909e-06,0.0,33.062305769003814,22.76366561455319,185.49999982602745,70.31410842220919
CONTCAR_optPBE.vasp,18.1355563763328,7.065285506159881,8.537736277958174e-07,0.0,18.1355563763328,7.065285506159853,109.62383477167045,59.3597240642991
CONTCAR_revPBEDion.vasp,13.008968204732753,3.7336641351588185,8.537736277958174e-07,0.0,13.008968204732753,3.7336641351588185,105.3262477085325,54.138048683526364
CONTCAR_revvdWDF2.vasp,29.25666776998824,17.646182189623772,0.0,0.0,29.256667769988212,17.646182189623772,132.1080951615384,74.35598861103097
CONTCAR_vdWDF2.vasp,19.483845053204902,7.793539722115042,8.537736277958174e-07,0.0,19.483845053204902,7.793539722115071,110.29809578186371,63.63229873577049
